SPU,Action,ProductID
MK6423,保留,"16067882816878116047042665"""
MK6423,删除,"16067882803918891095892665"""
MK12260,保留,"16067883752754845289282665"""
MK12260,删除,"16067883750384727503042665"""
MK24033,保留,"16067883901844568156312665"""
MK24033,删除,"16067883856161719428142665"""
MK24033,删除,"16067883748983494906762665"""
MK22545,保留,"16067883230356630905502665"""
MK22545,删除,"16067883212473460346742665"""
MK22849,保留,"16067883219980593899042665"""
MK22849,删除,"16067883215117549587252665"""
MK21373,保留,"16067882878576998499922665"""
MK21373,删除,"16067882870349452249332665"""
MK21931,保留,"16067883884169268270822665"""
MK21931,删除,"16067883856924243893072665"""
MK21931,删除,"16067883744407508762922665"""
MK23002,保留,"16067883232140216257642665"""
MK23002,删除,"16067883215906917600672665"""
MK5942,保留,"16067882804505086539832665"""
MK5942,删除,"16067882800571164928462665"""
MK22875,保留,"16067883224521514699882665"""
MK22875,删除,"16067883221479973210302665"""
MK22705,保留,"16067883233232581268112665"""
MK22705,删除,"16067883217326773384882665"""
MK4839,保留,"16067882816489220187902665"""
MK4839,删除,"16067882798091492885552665"""
MK4557,保留,"16067882807168134522662665"""
MK4557,删除,"16067882802987587348922665"""
MK22779,保留,"16067883230958764707122665"""
MK22779,删除,"16067883225925935449762665"""
MK22544,保留,"16067883230196911806852665"""
MK22544,删除,"16067883211678220299952665"""
MK22651,保留,"16067883226549712815122665"""
MK22651,删除,"16067883213706250169002665"""
MK11976,保留,"16067882878571126473282665"""
MK11976,删除,"16067882873447868508012665"""
MK3836,保留,"16067882823587492495842665"""
MK3836,删除,"16067882809027050046912665"""
MK23022,保留,"16067883233895448590342665"""
MK23022,删除,"16067883222742626484782665"""
MK22843,保留,"16067883231736388665862665"""
MK22843,删除,"16067883214474143829332665"""
MK11971,删除,"16067883207397010808622665"""
MK11971,保留,"16067882873218859504132665"""
MK6034,保留,"16067882819896840047262665"""
MK6034,删除,"16067882799894204747492665"""
MK23003,保留,"16067883228745011528722665"""
MK23003,删除,"16067883221998892980972665"""
MK22471,保留,"16067883225573781682962665"""
MK22471,删除,"16067883211766971773732665"""
MK5431,保留,"16067882819331447861892665"""
MK5431,删除,"16067882810211353250392665"""
MK22844,保留,"16067883230967321561922665"""
MK22844,删除,"16067883217541186689792665"""
MK22659,保留,"16067883219465365111512665"""
MK22659,删除,"16067883215473227043392665"""
MK6630,删除,"16067883736714148591032665"""
MK6630,保留,"16067882813306414532352665"""
MK22825,保留,"16067883234211531823272665"""
MK22825,删除,"16067883221320925200432665"""
MK11338,保留,"16067882874720923648942665"""
MK11338,删除,"16067882862488152148032665"""
MK6515,删除,"16067884306551116105772665"""
MK6515,保留,"16067882820799119200742665"""
MK6515,删除,"16067882798630544837762665"""
MK24027,删除,"16067883863041551908692665"""
MK24027,保留,"16067883749504594750772665"""
MK4569,保留,"16067882801486865867332665"""
MK4569,删除,"16067882800514793482272665"""
MK2840,删除,"16067882811973464244492665"""
MK2840,保留,"16067882795312682125832665"""
MK21941,保留,"16067883859384454850352665"""
MK21941,删除,"16067883743826178713092665"""
MK15711,删除,"16067883740133009665522665"""
MK15711,保留,"16067883201428683983792665"""
MK21498,删除,"16067883735211916667872665"""
MK21498,保留,"16067883265793298768862665"""
MK13103,删除,"16067883271836116423532665"""
MK13103,保留,"16067883204061196950622665"""
MK22821,保留,"16067883227100844365172665"""
MK22821,删除,"16067883217371065718392665"""
MK12150,删除,"16067884048468544073552665"""
MK12150,保留,"16067882876860857549552665"""
MK22227,保留,"16067883861475399278422665"""
MK22227,删除,"16067883739219490255032665"""
MK22657,保留,"16067883219258837581612665"""
MK22657,删除,"16067883214630339711402665"""
MK20849,保留,"16067882875421036872832665"""
MK20849,删除,"16067882874137579371872665"""
MK5540,保留,"16067882806595192591132665"""
MK5540,删除,"16067882799670732234342665"""
MK4151,删除,"16067883751490178267352665"""
MK4151,删除,"16067883744299128422982665"""
MK4151,保留,"16067882823796703900322665"""
MK4151,删除,"16067882799147283095952665"""
MK4130,保留,"16067882808920850268852665"""
MK4130,删除,"16067882802939604997112665"""
MK23025,保留,"16067883223953605938712665"""
MK23025,删除,"16067883223025323053702665"""
MK22929,保留,"16067883220713926004132665"""
MK22929,删除,"16067883218420815641612665"""
MK15672,保留,"16067883747679905219362665"""
MK15672,删除,"16067883731026672850572665"""
MK12413,删除,"16067883738835627557402665"""
MK12413,保留,"16067883267540478041482665"""
MK22925,保留,"16067883231941910043802665"""
MK22925,删除,"16067883227873267384422665"""
MK22987,保留,"16067883228850204674882665"""
MK22987,删除,"16067883218485072864262665"""
MK5578,保留,"16067882822061772000812665"""
MK5578,删除,"16067882803770077188782665"""
MK22550,保留,"16067883225726118805982665"""
MK22550,删除,"16067883212094631289692665"""
MK5434,保留,"16067882812556975811622665"""
MK5434,删除,"16067882798195511143412665"""
MK11345,保留,"16067882873973666453112665"""
MK11345,删除,"16067882863019150554572665"""
MK15504,删除,"16067883743376548835212665"""
MK15504,保留,"16067883730776860099472665"""
MK22661,保留,"16067883228429431614662665"""
MK22661,删除,"16067883214125681055672665"""
MK21267,保留,"16067882874343771840142665"""
MK21267,删除,"16067882869415296861572665"""
MK14857,删除,"16067883862232051235862665"""
MK14857,保留,"16067883741020859937642665"""
MK23016,保留,"16067883231496977789272665"""
MK23016,删除,"16067883215965973391902665"""
MK5909,保留,"16067882826316138425842665"""
MK5909,删除,"16067882817384452426472665"""
MK5909,删除,"16067882801793552893542665"""
MK3688,保留,"16067882807962535214932665"""
MK3688,删除,"16067882798851500297992665"""
MK5457,保留,"16067882819528916176132665"""
MK5457,删除,"16067882810380635836292665"""
MK22792,保留,"16067883231748804283772665"""
MK22792,删除,"16067883221127987213922665"""
MK22917,保留,"16067883234404469328292665"""
MK22917,删除,"16067883221642209365252665"""
MK6498,保留,"16067882813062977134502665"""
MK6498,删除,"16067882811702344429422665"""
MK15172,保留,"16067883742556981840722665"""
MK15172,删除,"16067883731547269861522665"""
MK21388,保留,"16067882876707849348722665"""
MK21388,删除,"16067882870294926295782665"""
MK22943,保留,"16067883221669555745212665"""
MK22943,删除,"16067883220786403093382665"""
MK12025,保留,"16067882875265343835692665"""
MK12025,删除,"16067882867332069477182665"""
MK5565,保留,"16067882804444185724802665"""
MK5565,删除,"16067882797869194298812665"""
MK12205,删除,"16067883863263179408742665"""
MK12205,保留,"16067883748664056710402665"""
MK15235,删除,"16067883862085922161392665"""
MK15235,保留,"16067883738075955692822665"""
MK22851,保留,"16067883234274781928732665"""
MK22851,删除,"16067883218258580445172665"""
MK22707,保留,"16067883219459493564262665"""
MK22707,删除,"16067883214213929213672665"""
MK22575,保留,"16067883233070512879552665"""
MK22575,删除,"16067883212977616162342665"""
MK22546,保留,"16067883218926313155492665"""
MK22546,删除,"16067883212250323846432665"""
MK23143,删除,"16067883858249475701272665"""
MK23143,保留,"16067883750649304202822665"""
MK22120,保留,"16067883752413931782842665"""
MK22120,删除,"16067883735959677184752665"""
MK22846,保留,"16067883228919829642632665"""
MK22846,删除,"16067883214987693934292665"""
MK21398,保留,"16067882878029557940012665"""
MK21398,删除,"16067882874529495132652665"""
MK22914,保留,"16067883234443895786372665"""
MK22914,删除,"16067883216507877468862665"""
MK22652,保留,"16067883226597024085272665"""
MK22652,删除,"16067883215319379490032665"""
MK22749,保留,"16067883229790567633282665"""
MK22749,删除,"16067883225160559332742665"""
MK5567,保留,"16067882810736312332732665"""
MK5567,删除,"16067882806675051655242665"""
MK24021,保留,"16067883907690925101482665"""
MK24021,删除,"16067883857707739399242665"""
MK24021,删除,"16067883744042101002232665"""
MK21184,保留,"16067882875078110581282665"""
MK21184,删除,"16067882868526104413962665"""
MK12236,删除,"16067883859695000633782665"""
MK12236,删除,"16067883750277688864332665"""
MK12236,保留,"16067883745846490582622665"""
MK22542,保留,"16067883228201429733952665"""
MK22542,删除,"16067883212756659750692665"""
MK22548,保留,"16067883225558011582982665"""
MK22548,删除,"16067883211989773687352665"""
MK15501,删除,"16067883746431344813682665"""
MK15501,保留,"16067883738280469482872665"""
MK22744,保留,"16067883230594363573202665"""
MK22744,删除,"16067883215634287839842665"""
MK5475,保留,"16067882819357788570142665"""
MK5475,删除,"16067882802169698071552665"""
MK22656,保留,"16067883219390035409152665"""
MK22656,删除,"16067883213923347348382665"""
MK4183,保留,"16067882816134549360152665"""
MK4183,删除,"16067882806967142990912665"""
MK22940,保留,"16067883227855986860842665"""
MK22940,删除,"16067883223528975082322665"""
MK21448,保留,"16067882877634790524962665"""
MK21448,删除,"16067882873149401351392665"""
MK24034,保留,"16067883897585168565882665"""
MK24034,删除,"16067883863733779834912665"""
MK24034,删除,"16067883745465815546802665"""
MK6429,保留,"16067882808277779098362665"""
MK6429,删除,"16067882800936069859452665"""
MK22580,保留,"16067883233114805208142665"""
MK22580,删除,"16067883213320206916452665"""
MK23021,保留,"16067883228826883865242665"""
MK23021,删除,"16067883218760722515362665"""
MK20823,保留,"16067882872155016242482665"""
MK20823,删除,"16067882865653676789022665"""
MK21404,保留,"16067882878612566679392665"""
MK21404,删除,"16067882876161918250432665"""
MK5718,保留,"16067882806853225692702665"""
MK5718,删除,"16067882800759908612132665"""
MK13102,删除,"16067883275142570150062665"""
MK13102,保留,"16067883201610884551132665"""
MK22709,保留,"16067883226932736658572665"""
MK22709,删除,"16067883214288755597862665"""
MK5531,保留,"16067882806376920534892665"""
MK5531,删除,"16067882800682230588472665"""
MK24019,删除,"16067883861276421015702665"""
MK24019,保留,"16067883743537945654282665"""
MK14877,删除,"16067883740787992662182665"""
MK14877,保留,"16067883728374698319842665"""
MK23119,保留,"16067883231560563439712665"""
MK23119,删除,"16067883216005568103302665"""
MK22605,保留,"16067883222268334590212665"""
MK22605,删除,"16067883213311817822112665"""
MK12145,删除,"16067883748029206858602665"""
MK12145,保留,"16067883738662486685412665"""
MK3610,保留,"16067882808273417505562665"""
MK3610,删除,"16067882806883928481872665"""
MK3610,删除,"16067882803421110612452665"""
MK7942,删除,"16067884308612532157802665"""
MK7942,保留,"16067882814155844498972665"""
MK22911,保留,"16067883227720426955092665"""
MK22911,删除,"16067883223370597675172665"""
MK22577,保留,"16067883232903747350802665"""
MK22577,删除,"16067883212432356166472665"""
MK24001,保留,"16067883903157050246292665"""
MK24001,删除,"16067883859849854814372665"""
MK24001,删除,"16067883752606702470822665"""
MK15128,删除,"16067883876204956062312665"""
MK15128,保留,"16067883746055031857682665"""
MK23139,保留,"16067883747307450543192665"""
MK23139,删除,"16067883744272452173202665"""
MK22597,保留,"16067883226826704655822665"""
MK22597,删除,"16067883224660430039622665"""
MK12386,删除,"16067883739322670135882665"""
MK12386,删除,"16067883738573735211432665"""
MK12386,保留,"16067883268071812471302665"""
MK20828,删除,"16067883734321382043022665"""
MK20828,保留,"16067882877232976206792665"""
MK20828,删除,"16067882865075198859752665"""
MK22655,保留,"16067883233152385694712665"""
MK22655,删除,"16067883220908541712972665"""
MK22710,保留,"16067883224013668362552665"""
MK22710,删除,"16067883215518525528372665"""
MK21499,删除,"16067883750981493563402665"""
MK21499,保留,"16067883265461444954932665"""
MK5677,保留,"16067882825524422084182665"""
MK5677,删除,"16067882798583400860042665"""
MK5264,保留,"16067882801616217717132665"""
MK5264,删除,"16067882798144005099232665"""
MK23006,保留,"16067883233584567263402665"""
MK23006,删除,"16067883222037480096022665"""
MK22870,保留,"16067883227694254496702665"""
MK22870,删除,"16067883220420156475262665"""
MK11341,保留,"16067882874874938013882665"""
MK11341,删除,"16067882862819334395472665"""
MK22539,保留,"16067883216508884589702665"""
MK22539,删除,"16067883211506924931272665"""
MK12168,删除,"16067883730565970493562665"""
MK12168,保留,"16067883266962502950482665"""
MK22999,保留,"16067883232421738417252665"""
MK22999,删除,"16067883223486696010352665"""
MK22660,保留,"16067883230517691691552665"""
MK22660,删除,"16067883220891596723132665"""
MK4845,保留,"16067882818920742095232665"""
MK4845,删除,"16067882810196085982092665"""
MK12198,删除,"16067883745411960682482665"""
MK12198,保留,"16067883733404339423532665"""
MK5439,保留,"16067882811065649564402665"""
MK5439,删除,"16067882804362480201982665"""
MK20919,保留,"16067882872216756388212665"""
MK20919,删除,"16067882869755371032292665"""
MK7067,删除,"16067884304495738890322665"""
MK7067,保留,"16067882813659071619212665"""
MK22538,保留,"16067883222094858658332665"""
MK22538,删除,"16067883212312735091862665"""
MK22646,保留,"16067883222421007256282665"""
MK22646,删除,"16067883212931478816512665"""
MK22706,保留,"16067883230750392166072665"""
MK22706,删除,"16067883215636637129692665"""
MK22827,保留,"16067883233409748671512665"""
MK22827,删除,"16067883218053226837882665"""
MK22989,保留,"16067883231312764445862665"""
MK22989,删除,"16067883221879271430302665"""
MK22839,保留,"16067883227200836574602665"""
MK22839,删除,"16067883217495552180462665"""
MK3609,保留,"16067882808049273423722665"""
MK3609,删除,"16067882796889740904172665"""
MK6460,保留,"16067882827181003918812665"""
MK6460,删除,"16067882804132800121582665"""
MK12214,保留,"16067883859779222259142665"""
MK12214,删除,"16067883751184330106732665"""
MK21394,保留,"16067882874657673064142665"""
MK21394,删除,"16067882867985038720832665"""
MK23030,保留,"16067883229178702568252665"""
MK23030,删除,"16067883218582548480302665"""
MK23050,保留,"16067883227298312201402665"""
MK23050,删除,"16067883216171326518272665"""
MK22704,保留,"16067883224977519430622665"""
MK22704,删除,"16067883219615185652972665"""
MK14564,删除,"16067883734883922102202665"""
MK14564,保留,"16067883445674749472672665"""
MK22658,保留,"16067883229404355635972665"""
MK22658,删除,"16067883214765060759712665"""
MK24026,保留,"16067883752207404734712665"""
MK24026,删除,"16067883749021411415952665"""
MK24026,删除,"16067883748280865101882665"""
MK22828,保留,"16067883224385954792512665"""
MK22828,删除,"16067883221312704841842665"""
MK11340,保留,"16067882871913423850112665"""
MK11340,删除,"16067882862665319073712665"""
MK23026,保留,"16067883232003649717852665"""
MK23026,删除,"16067883222880199656742665"""
MK22841,保留,"16067883220150882154382665"""
MK22841,删除,"16067883214450655725142665"""
MK3273,保留,"16067882812129660607112665"""
MK3273,删除,"16067882796525507064272665"""
MK23019,保留,"16067883234769541543582665"""
MK23019,删除,"16067883216063113474342665"""
MK4405,保留,"16067884304009032338692665"""
MK4405,删除,"16067882816326145647122665"""
MK4405,删除,"16067882797229647304202665"""
MK12274,删除,"16067883861718668422152665"""
MK12274,保留,"16067883745564969372642665"""
MK14806,保留,"16067883751444880263882665"""
MK14806,删除,"16067883718028859814932665"""
MK23000,保留,"16067883233737407693212665"""
MK23000,删除,"16067883216800472119802665"""
MK15372,保留,"16067883743216829742482665"""
MK15372,删除,"16067883733087418290282665"""
MK15372,删除,"16067883730712099568392665"""
MK4836,保留,"16067882816516902584802665"""
MK4836,删除,"16067882801990014570052665"""
MK22915,保留,"16067883224572853457882665"""
MK22915,删除,"16067883215151943356282665"""
MK22650,保留,"16067883222776013628042665"""
MK22650,删除,"16067883213970491327862665"""
MK4837,保留,"16067882812403129230202665"""
MK4837,删除,"16067882797231325025852665"""
MK22228,删除,"16067883753167228778232665"""
MK22228,保留,"16067883751598726857612665"""
MK11426,保留,"16067882872010564410932665"""
MK11426,删除,"16067882863614909976512665"""
MK4900,保留,"16067882807408384248492665"""
MK4900,删除,"16067882801613030046042665"""
MK4481,保留,"16067882806178614321122665"""
MK4481,删除,"16067882799059538255472665"""
MK22528,保留,"16067883218857191033902665"""
MK22528,删除,"16067883211545344747542665"""
MK6556,删除,"16067883746655488412542665"""
MK6556,保留,"16067882827375955648092665"""
MK3685,保留,"16067882815787429233162665"""
MK3685,删除,"16067882800039159894432665"""
MK3614,保留,"16067882805804314630822665"""
MK3614,删除,"16067882796895109138282665"""
MK5476,保留,"16067882809855340720272665"""
MK5476,删除,"16067882802338476868182665"""
MK0000,保留,"16067840245102886270682665"""
MK0000,删除,"16067840245100873004712665"""
MK5424,保留,"16067882819136664868642665"""
MK5424,删除,"16067882799254992340512665"""
MK23083,删除,"16067883898195691457732665"""
MK23083,保留,"16067883862539410312422665"""
MK23083,删除,"16067883745720326393792665"""
MK22848,保留,"16067883227556680838142665"""
MK22848,删除,"16067883220319829199722665"""
MK3287,保留,"16067882823316876008722665"""
MK3287,删除,"16067882798768453077562665"""
MK5566,保留,"16067882816695076146592665"""
MK5566,删除,"16067882809863897102082665"""
MK5566,删除,"16067882799736163370162665"""
MK4287,保留,"16067882812378466722122665"""
MK4287,删除,"16067882807043479807212665"""
MK21926,保留,"16067883752962379453972665"""
MK21926,删除,"16067883750823116643502665"""
MK4433,保留,"16067882808754252521512665"""
MK4433,删除,"16067882800408258169802665"""
MK4119,保留,"16067882808455618074812665"""
MK4119,删除,"16067882799030009870552665"""
MK15974,保留,"16067883744856803086282665"""
MK15974,删除,"16067883195531156535282665"""
MK15940,删除,"16067883885407091269942665"""
MK15940,删除,"16067883864661727656802665"""
MK15940,保留,"16067883745873166832362665"""
MK13104,删除,"16067883270054543860832665"""
MK13104,保留,"16067883201758523567282665"""
MK3410,保留,"16067882807859187563692665"""
MK3410,删除,"16067882796159763759702665"""
MK23146,保留,"16067883889100259829722665"""
MK23146,删除,"16067883856679128281242665"""
MK23146,删除,"16067883751742339824212665"""
MK3294,保留,"16067882805624462873922665"""
MK3294,删除,"16067882796505877720522665"""
MK12023,保留,"16067882873610271468312665"""
MK12023,删除,"16067882872312218267072665"""
MK5420,保留,"16067882819331616121022665"""
MK5420,删除,"16067882810770370568112665"""
MK5465,保留,"16067882812630124474682665"""
MK5465,删除,"16067882799884305706982665"""
MK20913,保留,"16067882874168784996442665"""
MK20913,删除,"16067882869033111403192665"""
MK22838,保留,"16067883224325389039812665"""
MK22838,删除,"16067883217699730901022665"""
MK5452,保留,"16067882816492239598172665"""
MK5452,删除,"16067882798433579842632665"""
MK12175,删除,"16067883739110270578262665"""
MK12175,保留,"16067883266011234797592665"""
MK22543,保留,"16067883225384199138792665"""
MK22543,删除,"16067883211838107651342665"""
MK11386,保留,"16067882872067439174092665"""
MK11386,删除,"16067882863806337529262665"""
MK3333,删除,"16067882862320043964582665"""
MK3333,保留,"16067882795320400124392665"""
MK21256,保留,"16067882874303170976752665"""
MK21256,删除,"16067882869738929360252665"""
MK22908,保留,"16067883228530934260562665"""
MK22908,删除,"16067883221705459470052665"""
MK12021,保留,"16067882877236667194372665"""
MK12021,删除,"16067882867097524473662665"""
MK18023,删除,"16067883204662827432802665"""
MK18023,保留,"16067883197329841862402665"""
MK22873,保留,"16067883231899967001962665"""
MK22873,删除,"16067883226089681556372665"""
MK4276,保留,"16067882809349172599062665"""
MK4276,删除,"16067882808437834225112665"""
MK7024,删除,"16067884304397592662682665"""
MK7024,保留,"16067882827606642362022665"""
MK5421,保留,"16067882819088682029792665"""
MK5421,删除,"16067882797390372547072665"""
MK5679,保留,"16067882811427030794902665"""
MK5679,删除,"16067882806707935485332665"""
MK21939,删除,"16067883897643721527582665"""
MK21939,删除,"16067883862783350550422665"""
MK21939,保留,"16067883750113775468382665"""
MK22547,保留,"16067883230272241507752665"""
MK22547,删除,"16067883212149492787192665"""
MK24032,删除,"16067883907242637407142665"""
MK24032,保留,"16067883866269488749752665"""
MK24032,删除,"16067883748441255288932665"""
MK8001,删除,"16067883899784829353942665"""
MK8001,删除,"16067883880655615926742665"""
MK8001,删除,"16067883858698769550262665"""
MK8001,删除,"16067883743875838789082665"""
MK8001,保留,"16067882827689857358362665"""
MK20857,保留,"16067882874912015662642665"""
MK20857,删除,"16067882866201788433782665"""
MK22574,保留,"16067883228417687569062665"""
MK22574,删除,"16067883212728474022592665"""
MK5910,保留,"16067882826274698701262665"""
MK5910,删除,"16067882800925164668162665"""
MK0125,删除,"16067883741899986057802665"""
MK0125,保留,"16067882793489669828902665"""
MK5462,保留,"16067882819526902910172665"""
MK5462,删除,"16067882811063635820462665"""
MK4373,保留,"16067882816323293031692665"""
MK4373,删除,"16067882800528383516372665"""
MK12067,保留,"16067883902287990464692665"""
MK12067,删除,"16067883856211547760452665"""
MK12067,删除,"16067883751799550610712665"""
MK20995,保留,"16067882875080459391562665"""
MK20995,删除,"16067882866543708089632665"""
MK22774,保留,"16067883229743088110942665"""
MK22774,删除,"16067883221420581864612665"""
MK4184,保留,"16067882808572554785562665"""
MK4184,删除,"16067882800198375193372665"""
MK23102,保留,"16067883753046097762662665"""
MK23102,删除,"16067883744145448646112665"""
MK15161,删除,"16067883738733118766932665"""
MK15161,保留,"16067883737785541602692665"""
MK24029,删除,"16067883907044163422652665"""
MK24029,保留,"16067883860735188023172665"""
MK24029,删除,"16067883749979054902222665"""
MK21924,删除,"16067883745537286487642665"""
MK21924,保留,"16067883733437558312172665"""
MK15973,删除,"16067883744893545191122665"""
MK15973,保留,"16067883195495086006542665"""
MK15273,删除,"16067883866223015377212665"""
MK15273,保留,"16067883742721901864992665"""
MK3714,删除,"16067882812183012154602665"""
MK3714,保留,"16067882809849804238352665"""
MK3714,删除,"16067882809182574362862665"""
MK22822,保留,"16067883234053993763902665"""
MK22822,删除,"16067883214407706051052665"""
MK12247,删除,"16067883861769503387622665"""
MK12247,保留,"16067883746996736983412665"""
MK22549,保留,"16067883222183945676452665"""
MK22549,删除,"16067883212770082005482665"""
MK4842,保留,"16067882825209681029202665"""
MK4842,删除,"16067882807206050549002665"""
MK4842,删除,"16067882803128012647572665"""
MK22630,保留,"16067883229265104751502665"""
MK22630,删除,"16067883213122403060682665"""
MK6476,保留,"16067882826445490762892665"""
MK6476,删除,"16067882811241139250152665"""
MK6428,保留,"16067882817707413352052665"""
MK6428,删除,"16067882812913995453852665"""
MK22745,保留,"16067883229635042838062665"""
MK22745,删除,"16067883215677741310062665"""
MK21262,保留,"16067882875283967024702665"""
MK21262,删除,"16067882869233096300992665"""
MK5463,保留,"16067882826142494248822665"""
MK5463,删除,"16067882810531798553602665"""
MK22555,保留,"16067883232911800902962665"""
MK22555,删除,"16067883213469355880822665"""
MK22647,保留,"16067883225829131390312665"""
MK22647,删除,"16067883213688802347582665"""
MK22551,保留,"16067883230355959336152665"""
MK22551,删除,"16067883212041615285972665"""
MK22703,保留,"16067883226814121743242665"""
MK22703,删除,"16067883224722170680782665"""
MK6430,保留,"16067882822178709187972665"""
MK6430,删除,"16067882811631712832312665"""
MK23018,保留,"16067883234589186467942665"""
MK23018,删除,"16067883218586406765922665"""
MK22122,保留,"16067883903516250442132665"""
MK22122,删除,"16067883860008231734102665"""
MK22122,删除,"16067883749558114557072665"""
MK4281,保留,"16067882812282836108902665"""
MK4281,删除,"16067882797058016383112665"""
MK22798,保留,"16067883224432595454162665"""
MK22798,删除,"16067883221107519009492665"""
MK6421,保留,"16067882812723406275592665"""
MK6421,删除,"16067882803768231694982665"""
MK4193,保留,"16067882808661977348012665"""
MK4193,删除,"16067882807023178893502665"""
MK14609,保留,"16067884302411673609062665"""
MK14609,删除,"16067883726032430714512665"""
MK14609,删除,"16067735015953486359362665"""
MK22654,保留,"16067883224078931733472665"""
MK22654,删除,"16067883215338002201482665"""
MK4709,保留,"16067882808635134287292665"""
MK4709,删除,"16067882796999799442972665"""
MK23104,保留,"16067883231661394987582665"""
MK23104,删除,"16067883218703343962162665"""
MK3265,保留,"16067882818090604968162665"""
MK3265,删除,"16067882805470615316562665"""
MK3265,删除,"16067882796330052984802665"""
MK23017,保留,"16067883233916085046532665"""
MK23017,删除,"16067883218756192666982665"""
MK23142,删除,"16067883750551660804582665"""
MK23142,保留,"16067883741736408681252665"""
MK15037,删除,"16067883733587547104112665"""
MK15037,保留,"16067883728619141871682665"""
MK15513,保留,"16067883746532007624262665"""
MK15513,删除,"16067883746461376021262665"""
MK15513,删除,"16067883736512989774592665"""
MK15505,保留,"16067883891691500833962665"""
MK15505,删除,"16067883864131735887572665"""
MK15505,删除,"16067883746188410235102665"""
MK4111,删除,"16067883748355355455592665"""
MK4111,保留,"16067882815578384645582665"""
MK4111,删除,"16067882809152040307682665"""
MK22578,保留,"16067883222205084959722665"""
MK22578,删除,"16067883212590733077422665"""
MK22840,保留,"16067883219804768185242665"""
MK22840,删除,"16067883214947429091412665"""
MK15269,保留,"16067883862304025493912665"""
MK15269,删除,"16067883742411188308542665"""
MK24013,删除,"16067883855934387666032665"""
MK24013,保留,"16067883752093822980792665"""
MK22747,保留,"16067883226978706231572665"""
MK22747,删除,"16067883215798872810262665"""
MK22896,保留,"16067883220418814775282665"""
MK22896,删除,"16067883214654498903512665"""
MK5430,保留,"16067882825240215563342665"""
MK5430,删除,"16067882797549756100242665"""
MK12164,删除,"16067883267080110754942665"""
MK12164,保留,"16067883205943935643802665"""
MK22653,保留,"16067883230584129468712665"""
MK22653,删除,"16067883217194736700302665"""
MK11275,保留,"16067882870754789794912665"""
MK11275,删除,"16067882863210243047272665"""
MK3295,保留,"16067882823516692172382665"""
MK3295,删除,"16067882796794613613342665"""
MK22760,保留,"16067883229583201239492665"""
MK22760,删除,"16067883214834350654452665"""
MK8451,删除,"16067884303718618726862665"""
MK8451,保留,"16067882826851667650542665"""
MK24028,保留,"16067883749893322848562665"""
MK24028,删除,"16067883739838905074762665"""
MK21922,保留,"16067883898848492929862665"""
MK21922,删除,"16067883859242686887792665"""
MK21922,删除,"16067883743725514932142665"""
MK11348,保留,"16067882873963432350402665"""
MK11348,删除,"16067882863132900565502665"""
MK23128,保留,"16067883225239412248762665"""
MK23128,删除,"16067883223841366361962665"""
MK23028,保留,"16067883234472417054032665"""
MK23028,删除,"16067883232573236680332665"""
MK11276,保留,"16067882870711001258592665"""
MK11276,删除,"16067882862696189143142665"""
MK21936,删除,"16067883901600795215922665"""
MK21936,保留,"16067883868314799147802665"""
MK21936,删除,"16067883748036924379802665"""
MK22686,保留,"16067883229398987416522665"""
MK22686,删除,"16067883217203628617282665"""
MK11048,保留,"16067883898521337693812665"""
MK11048,删除,"16067883863534634289032665"""
MK11048,删除,"16067883748595605668322665"""
MK23101,保留,"16067883231582877615892665"""
MK23101,删除,"16067883228035503066572665"""
MK12061,保留,"16067882877421719880472665"""
MK12061,删除,"16067882875934754750622665"""
MK5423,保留,"16067882826005424866152665"""
MK5423,删除,"16067882810907775482732665"""
MK3289,删除,"16067882803310045930922665"""
MK3289,保留,"16067882795809623260292665"""
MK22748,保留,"16067883229712721348802665"""
MK22748,删除,"16067883214931154715182665"""
MK22629,保留,"16067883219145926916012665"""
MK22629,删除,"16067883212918560358432665"""
MK11674,删除,"16067883738569708679492665"""
MK11674,保留,"16067882874925605208792665"""
MK11674,删除,"16067882869239303872292665"""
MK12044,保留,"16067882877351758899092665"""
MK12044,删除,"16067882872490225013062665"""
MK15668,删除,"16067883879252704644712665"""
MK15668,保留,"16067883743270349062902665"""
MK22778,保留,"16067883219803594267652665"""
MK22778,删除,"16067883217369051970712665"""
MK21932,删除,"16067883860095976089632665"""
MK21932,保留,"16067883739786896185502665"""
MK22540,保留,"16067883219077811417932665"""
MK22540,删除,"16067883212204353799912665"""
MK11346,保留,"16067882878457712492382665"""
MK11346,删除,"16067882862835607810742665"""
MK4029,保留,"16067882808998024985592665"""
MK4029,删除,"16067882805955980178942665"""
MK22776,保留,"16067883233480715807262665"""
MK22776,删除,"16067883225218272471502665"""
MK12259,删除,"16067883860190935133352665"""
MK12259,保留,"16067883744710673058942665"""
MK4131,保留,"16067882816312220556812665"""
MK4131,删除,"16067882809457050099582665"""
MK12258,删除,"16067883750296647602262665"""
MK12258,保留,"16067883746997239827262665"""
MK22743,保留,"16067883230757103042822665"""
MK22743,删除,"16067883224913933781042665"""
MK23027,保留,"16067883233645132525632665"""
MK23027,删除,"16067883216968412053612665"""
MK9056,删除,"16067883740150458451772665"""
MK9056,保留,"16067882829111558643482665"""
MK22579,保留,"16067883228269041916602665"""
MK22579,删除,"16067883213779398834002665"""
MK22871,保留,"16067883220204233703062665"""
MK22871,删除,"16067883214594435987742665"""
MK16102,删除,"16067883753480963204602665"""
MK16102,删除,"16067883753399090389252665"""
MK16102,保留,"16067883197532678407362665"""
MK3251,删除,"16067882802780221443272665"""
MK3251,保留,"16067882794960193299182665"""
MK22468,保留,"16067883225395775418562665"""
MK22468,删除,"16067883211924006998332665"""
MK5562,保留,"16067882819685279831232665"""
MK5562,删除,"16067882802259791724452665"""
MK5816,删除,"16067884303602352147162665"""
MK5816,保留,"16067882817500214740682665"""
MK5816,删除,"16067882805019476463192665"""
MK12219,删除,"16067884302646554628732665"""
MK12219,保留,"16067883266153001796052665"""
MK6418,保留,"16067882822098849638692665"""
MK6418,删除,"16067882803935667829522665"""
MK5906,保留,"16067882820043472910752665"""
MK5906,删除,"16067882811237112234772665"""
MK12226,删除,"16067883865932937308522665"""
MK12226,保留,"16067883739581710828802665"""
MK23024,保留,"16067883234633646091202665"""
MK23024,删除,"16067883232420227983592665"""
MK22874,保留,"16067883228991468835012665"""
MK22874,删除,"16067883217700066928172665"""
MK22556,保留,"16067883228213677101942665"""
MK22556,删除,"16067883213288665748762665"""
MK22916,保留,"16067883231260754595662665"""
MK22916,删除,"16067883227713380037902665"""
MK6424,保留,"16067882827182010551812665"""
MK6424,删除,"16067882803779639719692665"""
MK15017,保留,"16067883742988324057152665"""
MK15017,删除,"16067883730235794408662665"""
MK5907,保留,"16067882812828263396722665"""
MK5907,删除,"16067882811589601536362665"""
MK22845,保留,"16067883234144925794122665"""
MK22845,删除,"16067883215128622550712665"""
MK6425,保留,"16067882817617823025042665"""
MK6425,删除,"16067882808169063228472665"""
MK3278,保留,"16067882823340867428742665"""
MK3278,删除,"16067882796716431784652665"""
MK5561,保留,"16067882816677795608202665"""
MK5561,删除,"16067882798425359005002665"""
MK22557,保留,"16067883232920189023452665"""
MK22557,删除,"16067883213116195967582665"""
MK11347,保留,"16067882874471445974222665"""
MK11347,删除,"16067882863328355133232665"""
MK5433,保留,"16067882803620256648512665"""
MK5433,删除,"16067882797617200510452665"""
MK22983,保留,"16067883223668561510832665"""
MK22983,删除,"16067883221832462513372665"""
MK23020,保留,"16067883226431936758062665"""
MK23020,删除,"16067883223838514235202665"""
MK22448,保留,"16067883228103114766032665"""
MK22448,删除,"16067883211321368919832665"""
MK12245,删除,"16067883859583097078642665"""
MK12245,保留,"16067883750462741558452665"""
MK3743,删除,"16067883205215804469012665"""
MK3743,保留,"16067882808388509208502665"""
MK3743,删除,"16067882797060700261332665"""
MK5460,保留,"16067882806354271292632665"""
MK5460,删除,"16067882797546400656982665"""
MK12473,保留,"16067883855717458747692665"""
MK12473,删除,"16067883753333490992002665"""
MK22649,保留,"16067883224721499592102665"""
MK22649,删除,"16067883219255817682682665"""
MK20826,保留,"16067882873970310527842665"""
MK20826,删除,"16067882869569143451952665"""
MK5464,保留,"16067882812683308728942665"""
MK5464,删除,"16067882810360670473612665"""
MK4001,保留,"16067882823712650528752665"""
MK4001,删除,"16067882800210455272502665"""
MK22027,删除,"16067883862597795025522665"""
MK22027,保留,"16067883749802894140922665"""
MK6335,保留,"16067883888200497248452665"""
MK6335,删除,"16067883873860507414692665"""
MK6335,删除,"16067883748664056230982665"""
MK6335,删除,"16067882826283758880682665"""
MK6335,删除,"16067882798520318050932665"""
MK22552,保留,"16067883232758624431232665"""
MK22552,删除,"16067883213131294976432665"""
MK4179,保留,"16067882818073324918442665"""
MK4179,删除,"16067882798955687287332665"""
MK23140,保留,"16067883861840303239642665"""
MK23140,删除,"16067883735955986678432665"""
MK23001,保留,"16067883223674433536552665"""
MK23001,删除,"16067883216680682794172665"""
MK3296,保留,"16067882823422236444442665"""
MK3296,删除,"16067882796322503236142665"""
MK4914,保留,"16067882812528790578742665"""
MK4914,删除,"16067882807186421678522665"""
MK4914,删除,"16067882803466409574872665"""
MK12048,保留,"16067882877726393643132665"""
MK12048,删除,"16067882872397614779212665"""
MK22842,保留,"16067883225925767677562665"""
MK22842,删除,"16067883220092665692752665"""
MK12197,删除,"16067883862707182476042665"""
MK12197,保留,"16067883748820084342342665"""
MK6549,删除,"16067884306644565199782665"""
MK6549,保留,"16067882820926961590152665"""
MK11330,删除,"16067883745189327504652665"""
MK11330,保留,"16067882862977879088752665"""
MK5647,保留,"16067882816685009812272665"""
MK5647,删除,"16067882800882717834852665"""
MK3678,保留,"16067882815165665613462665"""
MK3678,删除,"16067882807903983212482665"""
MK3678,删除,"16067882796208753232162665"""
MK23029,保留,"16067883229201687355112665"""
MK23029,删除,"16067883223043274188842665"""
MK11970,删除,"16067883205231072217492665"""
MK11970,保留,"16067882868605124620952665"""
MK22773,保留,"16067883233328882489472665"""
MK22773,删除,"16067883221149126984922665"""
MK4902,保留,"16067882819147066255572665"""
MK4902,删除,"16067882802034305945582665"""
MK22581,保留,"16067883222576029208062665"""
MK22581,删除,"16067883213924857778092665"""
MK4256,保留,"16067882823802072609632665"""
MK4256,删除,"16067882809225020720492665"""
MK22553,保留,"16067883225742057637112665"""
MK22553,删除,"16067883213520191324622665"""
MK3599,保留,"16067882805786698067652665"""
MK3599,删除,"16067882798672487401342665"""
MK23023,保留,"16067883233792772027172665"""
MK23023,删除,"16067883217124105098062665"""
MK4143,保留,"16067882806189519512172665"""
MK4143,删除,"16067882800085464528322665"""
MK4840,保留,"16067882818924768627122665"""
MK4840,删除,"16067882801830631016792665"""
MK2902,删除,"16067882815018864972102665"""
MK2902,保留,"16067882795191550624392665"""
MK6420,保留,"16067882808107825909402665"""
MK6420,删除,"16067882804090354246292665"""
MK7047,删除,"16067884306657483656992665"""
MK7047,保留,"16067882826454383168812665"""
MK5901,保留,"16067882819846341105362665"""
MK5901,删除,"16067882799873400515742665"""
MK16429,删除,"16067883202848707549072665"""
MK16429,保留,"16067883199800119143282665"""
MK22469,保留,"16067883229978304200432665"""
MK22469,删除,"16067883211785091168672665"""
MK22742,保留,"16067883219571061574092665"""
MK22742,删除,"16067883214786200043592665"""
MK22850,保留,"16067883231102378152522665"""
MK22850,删除,"16067883218278545334162665"""
MK3616,保留,"16067882805810521714882665"""
MK3616,删除,"16067882800046038553712665"""
MK3619,保留,"16067882806001278664682665"""
MK3619,删除,"16067882800354906621682665"""
MK22791,保留,"16067883221254487423542665"""
MK22791,删除,"16067883219895701184552665"""
MK5426,保留,"16067882810876402565672665"""
MK5426,删除,"16067882803581165733862665"""
MK14485,删除,"16067883440530352219342665"""
MK14485,保留,"16067883201270809902042665"""
MK24007,保留,"16067883901894899805102665"""
MK24007,删除,"16067883858158878732602665"""
MK24007,删除,"16067883752778165620522665"""
MK22211,删除,"16067883860082387029942665"""
MK22211,保留,"16067883741420493705512665"""
MK22823,保留,"16067883234115397892862665"""
MK22823,删除,"16067883218059267115672665"""
MK4597,保留,"16067882818762532473892665"""
MK4597,删除,"16067882797387185364902665"""
MK3253,保留,"16067882814996551273762665"""
MK3253,删除,"16067882794775475664692665"""
MK24003,删除,"16067883899022808681172665"""
MK24003,删除,"16067883861201762883192665"""
MK24003,保留,"16067883752472484741622665"""
MK2828,保留,"16067882817881225794142665"""
MK2828,删除,"16067882794471808052302665"""
MK12026,保留,"16067882872259202272972665"""
MK12026,删除,"16067882867332740565862665"""
MK5467,保留,"16067882810552266757432665"""
MK5467,删除,"16067882801808820633662665"""
MK2972,删除,"16067882809679180431782665"""
MK2972,保留,"16067882794963213198112665"""
MK6259,删除,"16067884305723496042972665"""
MK6259,保留,"16067882811427533638152665"""
MK6259,删除,"16067882804545687404732665"""
MK4841,保留,"16067882810708294381542665"""
MK4841,删除,"16067882803468255068672665"""
MK24002,删除,"16067883749149757121172665"""
MK24002,保留,"16067883749149756639182665"""
MK24002,删除,"16067883748282877881282665"""
MK22824,保留,"16067883230925713590502665"""
MK22824,删除,"16067883217872200674902665"""
MK5900,保留,"16067882806783264700912665"""
MK5900,删除,"16067882799719553925352665"""
MK14876,保留,"16067883737132069043012665"""
MK14876,删除,"16067883722457709294562665"""
MK22648,保留,"16067883230430114621782665"""
MK22648,删除,"16067883215280120802352665"""
MK21376,保留,"16067882877422054948582665"""
MK21376,删除,"16067882873799518467792665"""
MK0385,保留,"16067884302231150761442665"""
MK0385,删除,"16067882465185390107492665"""
MK3597,保留,"16067882815945973928572665"""
MK3597,删除,"16067882796623318712932665"""
MK11581,保留,"16067883740645386325752665"""
MK11581,删除,"16067882865315783650702665"""
MK22946,保留,"16067883229091125499892665"""
MK22946,删除,"16067883226278593012082665"""
MK5429,保留,"16067882810373756702402665"""
MK5429,删除,"16067882806381450855452665"""
MK22283,删除,"16067883888900778729032665"""
MK22283,保留,"16067883858423120366032665"""
MK22283,删除,"16067883750123170711462665"""
MK11279,保留,"16067882871852523034532665"""
MK11279,删除,"16067882863016969516442665"""
MK23084,保留,"16067883233755862632292665"""
MK23084,删除,"16067883227876287283352665"""
MK22029,保留,"16067883880498413409942665"""
MK22029,删除,"16067883857795316467802665"""
MK22029,删除,"16067883744084715121682665"""
MK24031,删除,"16067883860517755783862665"""
MK24031,保留,"16067883749355445299362665"""
MK12209,删除,"16067883863680260524732665"""
MK12209,保留,"16067883738421398088322665"""
MK21933,删除,"16067883859365663881962665"""
MK21933,保留,"16067883743872986662312665"""
MK4913,保留,"16067882812449769409452665"""
MK4913,删除,"16067882799224793349542665"""
MK22576,保留,"16067883228361652150042665"""
MK22576,删除,"16067883212613550579122665"""
MK22746,保留,"16067883227096817833272665"""
MK22746,删除,"16067883220936391405222665"""
MK12414,保留,"16067883855723163001252665"""
MK12414,删除,"16067883750854321785402665"""
MK22910,保留,"16067883229023345066472665"""
MK22910,删除,"16067883226214336274352665"""
MK12225,保留,"16067883901656495574162665"""
MK12225,删除,"16067883857909233756702665"""
MK12225,删除,"16067883744469752235422665"""
MK22985,保留,"16067883232216049746612665"""
MK22985,删除,"16067883216678669528212665"""
MK5451,保留,"16067882804316007793472665"""
MK5451,删除,"16067882799383506290412665"""
MK22594,保留,"16067883222488787200082665"""
MK22594,删除,"16067883213496031656062665"""
MK22847,保留,"16067883220006765867842665"""
MK22847,删除,"16067883218066481319162665"""
MK11339,保留,"16067882874727634536342665"""
MK11339,删除,"16067882863440594699182665"""
MK5564,保留,"16067882819700882159822665"""
MK5564,删除,"16067882797711152921292665"""
MK22068,保留,"16067883873472114872272665"""
MK22068,删除,"16067883747708258236992665"""
MK22837,保留,"16067883233947626213342665"""
MK22837,删除,"16067883227366931011412665"""
MK6516,保留,"16067882804707923078102665"""
MK6516,删除,"16067882801115418300542665"""
MK21381,保留,"16067882877561976931182665"""
MK21381,删除,"16067882867739923591802665"""
MK12129,删除,"16067883743992608213942665"""
MK12129,保留,"16067882871599522614152665"""
MK23004,保留,"16067883231416782694682665"""
MK23004,删除,"16067883216849629849282665"""
MK22895,保留,"16067883231164621625822665"""
MK22895,删除,"16067883221525103922852665"""
MK6426,保留,"16067882818132884036342665"""
MK6426,删除,"16067882804132632831722665"""
MK2962,删除,"16067882801456666392062665"""
MK2962,保留,"16067882795469716868872665"""
MK4912,保留,"16067882825751082277182665"""
MK4912,删除,"16067882807328188672282665"""
MK5459,保留,"16067882825326450454722665"""
MK5459,删除,"16067882797703939205002665"""
MK23097,保留,"16067883231354707486452665"""
MK23097,删除,"16067883217022770234212665"""
MK12144,删除,"16067883207520826179492665"""
MK12144,保留,"16067882878265277828702665"""
MK22229,删除,"16067883860250997567142665"""
MK22229,保留,"16067883745691972420402665"""
MK7153,删除,"16067883880943848492722665"""
MK7153,删除,"16067883857128925929412665"""
MK7153,删除,"16067883750710541043882665"""
MK7153,保留,"16067882826545147908892665"""
MK11342,保留,"16067882874524294686472665"""
MK11342,删除,"16067882863483041057552665"""
MK5524,保留,"16067882806512480913492665"""
MK5524,删除,"16067882800726689723002665"""
MK3292,保留,"16067882815913929443552665"""
MK3292,删除,"16067882798886564671262665"""
MK4434,删除,"16067884305222695662562665"""
MK4434,保留,"16067882828653205103132665"""
MK5425,保留,"16067882825909794260052665"""
MK5425,删除,"16067882798323353530632665"""
MK5466,保留,"16067882802356596741402665"""
MK5466,删除,"16067882801630982153202665"""
MK3689,保留,"16067882815397190711482665"""
MK3689,删除,"16067882796435413902882665"""
MK22708,保留,"16067883229439923335962665"""
MK22708,删除,"16067883224886084076132665"""
MK7694,保留,"16067883752290619728162665"""
MK7694,删除,"16067883750962367056822665"""
MK7694,删除,"16067883749191196363892665"""
MK23005,保留,"16067883234629284014902665"""
MK23005,删除,"16067883222893621430142665"""
MK12083,删除,"16067883735131050970702665"""
MK12083,保留,"16067882877613147441162665"""
MK12083,删除,"16067882871461949447792665"""
MK5525,保留,"16067882806547545296382665"""
MK5525,删除,"16067882797782120546442665"""
MK12199,删除,"16067883739403704566302665"""
MK12199,保留,"16067883266426805954902665"""
MK5445,保留,"16067882825404296738392665"""
MK5445,删除,"16067882810991829812832665"""
MK12052,保留,"16067882876635204000072665"""
MK12052,删除,"16067882873774520415302665"""
MK22852,保留,"16067883231813396566342665"""
MK22852,删除,"16067883217541690006312665"""
MK6422,保留,"16067882825533649553592665"""
MK6422,删除,"16067882811518634395032665"""
MK12149,删除,"16067883738919346347562665"""
MK12149,保留,"16067882868145093840002665"""
MK23145,删除,"16067883901163245420752665"""
MK23145,保留,"16067883856786838491612665"""
MK23145,删除,"16067883746701793529302665"""
MK4291,保留,"16067882823866664897182665"""
MK4291,删除,"16067882810198099248052665"""
MK12043,保留,"16067882875965625311912665"""
MK12043,删除,"16067882874371286474982665"""
MK5428,保留,"16067882825934960568102665"""
MK5428,删除,"16067882802162987184562665"""
MK6435,保留,"16067882820768919735222665"""
MK6435,删除,"16067882801106358118442665"""
MK5461,保留,"16067882825371413394402665"""
MK5461,删除,"16067882798260103907092665"""
MK22554,保留,"16067883222663438505482665"""
MK22554,删除,"16067883212394943451442665"""
MK22286,保留,"16067883855591126310032665"""
MK22286,删除,"16067883749002620453662665"""
MK5986,保留,"16067882819908080782542665"""
MK5986,删除,"16067882811227214156332665"""
MK4289,保留,"16067882816152668744172665"""
MK4289,删除,"16067882797227130721762665"""
MK12087,删除,"16067884305612095326782665"""
MK12087,保留,"16067882876363748639582665"""
MK12024,保留,"16067882876644599241502665"""
MK12024,删除,"16067882873363646880962665"""
MK6417,保留,"16067882804643163031652665"""
MK6417,删除,"16067882803946573020852665"""
MK22945,保留,"16067883231131570509462665"""
MK22945,删除,"16067883218425848807262665"""
MK5446,保留,"16067882819535962125432665"""
MK5446,删除,"16067882810548743056252665"""
MK2844,删除,"16067882802516819149082665"""
MK2844,保留,"16067882794651828067332665"""
MK24016,删除,"16067883868171186177232665"""
MK24016,保留,"16067883738732783704472665"""
MK23015,保留,"16067883223747078404862665"""
MK23015,删除,"16067883216926972806922665"""
MK22777,保留,"16067883224217679793152665"""
MK22777,删除,"16067883214307546080722665"""
MK22541,保留,"16067883225594418142812665"""
MK22541,删除,"16067883211581416252762665"""
MK11343,保留,"16067882872001840257692665"""
MK11343,删除,"16067882863495959030142665"""
MK15574,保留,"16067883736532115794482665"""
MK15574,删除,"16067883730950672059332665"""
MK4432,保留,"16067882816135892015412665"""
MK4432,删除,"16067882809508723926002665"""
MK22775,保留,"16067883224110137357752665"""
MK22775,删除,"16067883217700234217542665"""
MK11344,保留,"16067882873808075329102665"""
MK11344,删除,"16067882862672197733112665"""
MK3256,删除,"16067882802842799983972665"""
MK3256,保留,"16067882795129810947742665"""
MK22503,保留,"16067883233587251129942665"""
MK22503,删除,"16067883232484820751602665"""
MK21430,保留,"16067882876463237533652665"""
MK21430,删除,"16067882872469924098772665"""
MK15580,保留,"16067883733959497497482665"""
MK15580,删除,"16067883730654385943282665"""
MK3506,保留,"16067882815779543951282665"""
MK3506,删除,"16067882796167984596002665"""
MK4566,保留,"16067882802998493026052665"""
MK4566,删除,"16067882800319171149802665"""
MK22948,保留,"16067883232073107392832665"""
MK22948,删除,"16067883216649477661592665"""
MK22780,保留,"16067883219725580211962665"""
MK22780,删除,"16067883217877234320762665"""
MK2204,删除,"16067882803288067777132665"""
MK2204,保留,"16067882794428355548282665"""
MK21971,删除,"16067883858014259610412665"""
MK21971,保留,"16067883750786206766792665"""
MK21254,保留,"16067882874140263726472665"""
MK21254,删除,"16067882869937571118992665"""
MK5468,保留,"16067882819714639478332665"""
MK5468,删除,"16067882799512523082542665"""
MK2841,保留,"16067882809644115568952665"""
MK2841,删除,"16067882795017235827042665"""
MK15727,保留,"16067883730971475808972665"""
MK15727,删除,"16067883730827862837252665"""
MK21255,保留,"16067882875159312309002665"""
MK21255,删除,"16067882869906198206992665"""
MK6333,保留,"16067882812882622055892665"""
MK6333,删除,"16067882802491317786952665"""
MK4834,保留,"16067882808824213513922665"""
MK4834,删除,"16067882801996389436662665"""
MK11969,删除,"16067883863438333546192665"""
MK11969,删除,"16067883736721866110452665"""
MK11969,保留,"16067882869480895301832665"""
MK5422,保留,"16067882806189183967812665"""
MK5422,删除,"16067882799435850721362665"""
MK22682,保留,"16067883226589978136732665"""
MK22682,删除,"16067883214140444521862665"""
MK3598,保留,"16067882815968287626522665"""
MK3598,删除,"16067882809390612323482665"""
MK22919,保留,"16067883226401905550972665"""
MK22919,删除,"16067883223506158067892665"""
MK5182,保留,"16067882808801396499532665"""
MK5182,删除,"16067882797457481900902665"""
MK12276,保留,"16067883901115095294672665"""
MK12276,删除,"16067883858219444484122665"""
MK12276,删除,"16067883750630345948282665"""
MK22826,保留,"16067883230809951274752665"""
MK22826,删除,"16067883227287238754532665"""
